league,season,game_id,date,team,opponent,venue,xG,xGA,scored,conceded
ENG-Premier League,2627,31180,2026-08-21 19:00:00,Arsenal,Coventry,home,1.85424,0.558336,3.0,0.0
ENG-Premier League,2627,31199,2026-08-31 19:00:00,Arsenal,Aston Villa,away,1.52441,0.281925,1.0,0.0
ENG-Premier League,2627,31209,2026-09-06 15:30:00,Arsenal,Chelsea,home,2.80555,0.430508,2.0,1.0
ENG-Premier League,2627,31216,2026-09-12 19:00:00,Arsenal,Sunderland,away,1.98905,2.07033,2.0,0.0
ENG-Premier League,2627,31224,2026-09-19 14:00:00,Arsenal,Brighton,away,1.23979,2.11268,0.0,3.0
ENG-Premier League,2627,31230,2026-10-10 11:30:00,Arsenal,Leeds,home,,,,
ENG-Premier League,2627,31248,2026-10-18 15:30:00,Arsenal,Nottingham Forest,away,,,,
ENG-Premier League,2627,31254,2026-10-24 14:00:00,Arsenal,Everton,home,,,,
ENG-Premier League,2627,31268,2026-11-01 16:30:00,Arsenal,Liverpool,away,,,,
ENG-Premier League,2627,31270,2026-11-07 15:00:00,Arsenal,Hull,home,,,,
ENG-Premier League,2627,31288,2026-11-21 15:00:00,Arsenal,Newcastle United,away,,,,
ENG-Premier League,2627,31290,2026-11-28 15:00:00,Arsenal,Manchester City,home,,,,
ENG-Premier League,2627,31302,2026-12-02 20:00:00,Arsenal,Brentford,away,,,,
ENG-Premier League,2627,31313,2026-12-05 15:00:00,Arsenal,Tottenham,away,,,,
ENG-Premier League,2627,31320,2026-12-12 15:00:00,Arsenal,Bournemouth,home,,,,
ENG-Premier League,2627,31331,2026-12-19 15:00:00,Arsenal,Manchester United,home,,,,
ENG-Premier League,2627,31342,2026-12-26 15:00:00,Arsenal,Crystal Palace,away,,,,
ENG-Premier League,2627,31353,2026-12-30 20:00:00,Arsenal,Fulham,away,,,,
ENG-Premier League,2627,31361,2027-01-02 15:00:00,Arsenal,Ipswich,home,,,,
ENG-Premier League,2627,31370,2027-01-06 20:00:00,Arsenal,Brentford,home,,,,
ENG-Premier League,2627,31385,2027-01-16 15:00:00,Arsenal,Hull,away,,,,
ENG-Premier League,2627,31390,2027-01-23 15:00:00,Arsenal,Newcastle United,home,,,,
ENG-Premier League,2627,31402,2027-01-30 15:00:00,Arsenal,Manchester City,away,,,,
ENG-Premier League,2627,31415,2027-02-06 15:00:00,Arsenal,Liverpool,home,,,,
ENG-Premier League,2627,31426,2027-02-10 20:00:00,Arsenal,Ipswich,away,,,,
ENG-Premier League,2627,31431,2027-02-20 15:00:00,Arsenal,Fulham,home,,,,
ENG-Premier League,2627,31447,2027-02-27 15:00:00,Arsenal,Manchester United,away,,,,
ENG-Premier League,2627,31451,2027-03-03 20:00:00,Arsenal,Crystal Palace,home,,,,
ENG-Premier League,2627,31462,2027-03-13 15:00:00,Arsenal,Chelsea,away,,,,
ENG-Premier League,2627,31470,2027-03-20 15:00:00,Arsenal,Sunderland,home,,,,
ENG-Premier League,2627,31483,2027-04-10 14:00:00,Arsenal,Coventry,away,,,,
ENG-Premier League,2627,31490,2027-04-17 14:00:00,Arsenal,Aston Villa,home,,,,
ENG-Premier League,2627,31500,2027-04-24 14:00:00,Arsenal,Bournemouth,away,,,,
ENG-Premier League,2627,31510,2027-05-01 14:00:00,Arsenal,Tottenham,home,,,,
ENG-Premier League,2627,31525,2027-05-08 14:00:00,Arsenal,Leeds,away,,,,
ENG-Premier League,2627,31530,2027-05-15 14:00:00,Arsenal,Nottingham Forest,home,,,,
ENG-Premier League,2627,31543,2027-05-23 14:00:00,Arsenal,Everton,away,,,,
ENG-Premier League,2627,31554,2027-05-30 15:00:00,Arsenal,Brighton,home,,,,
ENG-Premier League,2627,31186,2026-08-23 13:00:00,Aston Villa,Brighton,away,0.275249,4.00327,0.0,4.0
ENG-Premier League,2627,31199,2026-08-31 19:00:00,Aston Villa,Arsenal,home,0.281925,1.52441,0.0,1.0
ENG-Premier League,2627,31207,2026-09-05 16:30:00,Aston Villa,Hull,away,1.63526,0.812385,0.0,0.0
ENG-Premier League,2627,31211,2026-09-12 14:00:00,Aston Villa,Nottingham Forest,home,1.08786,2.79451,1.0,2.0
ENG-Premier League,2627,31221,2026-09-19 11:30:00,Aston Villa,Tottenham,away,1.7092,1.72177,3.0,2.0
ENG-Premier League,2627,31231,2026-10-10 14:00:00,Aston Villa,Brentford,home,,,,
ENG-Premier League,2627,31244,2026-10-17 16:30:00,Aston Villa,Newcastle United,away,,,,
ENG-Premier League,2627,31251,2026-10-24 11:30:00,Aston Villa,Manchester City,home,,,,
ENG-Premier League,2627,31267,2026-11-01 14:00:00,Aston Villa,Fulham,home,,,,
ENG-Premier League,2627,31277,2026-11-07 15:00:00,Aston Villa,Manchester United,away,,,,
ENG-Premier League,2627,31281,2026-11-21 15:00:00,Aston Villa,Sunderland,home,,,,
ENG-Premier League,2627,31295,2026-11-28 15:00:00,Aston Villa,Ipswich,away,,,,
ENG-Premier League,2627,31301,2026-12-02 20:00:00,Aston Villa,Everton,home,,,,
ENG-Premier League,2627,31311,2026-12-05 15:00:00,Aston Villa,Crystal Palace,home,,,,
ENG-Premier League,2627,31322,2026-12-12 15:00:00,Aston Villa,Coventry,away,,,,
ENG-Premier League,2627,31334,2026-12-19 15:00:00,Aston Villa,Chelsea,away,,,,
ENG-Premier League,2627,31340,2026-12-26 15:00:00,Aston Villa,Leeds,home,,,,
ENG-Premier League,2627,31350,2026-12-30 20:00:00,Aston Villa,Liverpool,home,,,,
ENG-Premier League,2627,31360,2027-01-02 15:00:00,Aston Villa,Bournemouth,away,,,,
ENG-Premier League,2627,31373,2027-01-06 20:00:00,Aston Villa,Everton,away,,,,
ENG-Premier League,2627,31381,2027-01-16 15:00:00,Aston Villa,Manchester United,home,,,,
ENG-Premier League,2627,31394,2027-01-23 15:00:00,Aston Villa,Fulham,away,,,,
ENG-Premier League,2627,31408,2027-01-30 15:00:00,Aston Villa,Ipswich,home,,,,
ENG-Premier League,2627,31414,2027-02-06 15:00:00,Aston Villa,Sunderland,away,,,,
ENG-Premier League,2627,31420,2027-02-10 20:00:00,Aston Villa,Bournemouth,home,,,,
ENG-Premier League,2627,31435,2027-02-20 15:00:00,Aston Villa,Leeds,away,,,,
ENG-Premier League,2627,31440,2027-02-27 15:00:00,Aston Villa,Chelsea,home,,,,
ENG-Premier League,2627,31456,2027-03-03 20:00:00,Aston Villa,Liverpool,away,,,,
ENG-Premier League,2627,31461,2027-03-13 15:00:00,Aston Villa,Hull,home,,,,
ENG-Premier League,2627,31479,2027-03-20 15:00:00,Aston Villa,Nottingham Forest,away,,,,
ENG-Premier League,2627,31481,2027-04-10 14:00:00,Aston Villa,Brighton,home,,,,
ENG-Premier League,2627,31490,2027-04-17 14:00:00,Aston Villa,Arsenal,away,,,,
ENG-Premier League,2627,31501,2027-04-24 14:00:00,Aston Villa,Coventry,home,,,,
ENG-Premier League,2627,31513,2027-05-01 14:00:00,Aston Villa,Crystal Palace,away,,,,
ENG-Premier League,2627,31521,2027-05-08 14:00:00,Aston Villa,Brentford,away,,,,
ENG-Premier League,2627,31531,2027-05-15 14:00:00,Aston Villa,Newcastle United,home,,,,
ENG-Premier League,2627,31546,2027-05-23 14:00:00,Aston Villa,Manchester City,away,,,,
ENG-Premier League,2627,31553,2027-05-30 15:00:00,Aston Villa,Tottenham,home,,,,
ENG-Premier League,2627,31187,2026-08-23 13:00:00,Bournemouth,Manchester City,away,0.707541,2.47444,1.0,2.0
ENG-Premier League,2627,31193,2026-08-29 14:00:00,Bournemouth,Everton,home,2.25803,1.66352,1.0,1.0
ENG-Premier League,2627,31201,2026-09-05 11:30:00,Bournemouth,Newcastle United,away,1.63891,0.771636,2.0,2.0
ENG-Premier League,2627,31210,2026-09-12 14:00:00,Bournemouth,Brentford,home,2.54949,0.794238,2.0,2.0
ENG-Premier League,2627,31228,2026-09-20 13:00:00,Bournemouth,Liverpool,home,0.944706,1.29116,0.0,1.0
ENG-Premier League,2627,31232,2026-10-10 14:00:00,Bournemouth,Chelsea,away,,,,
ENG-Premier League,2627,31246,2026-10-18 13:00:00,Bournemouth,Sunderland,home,,,,
ENG-Premier League,2627,31256,2026-10-25 14:00:00,Bournemouth,Manchester United,away,,,,
ENG-Premier League,2627,31264,2026-10-31 15:00:00,Bournemouth,Leeds,home,,,,
ENG-Premier League,2627,31275,2026-11-07 15:00:00,Bournemouth,Ipswich,away,,,,
ENG-Premier League,2627,31280,2026-11-21 15:00:00,Bournemouth,Nottingham Forest,home,,,,
ENG-Premier League,2627,31294,2026-11-28 15:00:00,Bournemouth,Fulham,away,,,,
ENG-Premier League,2627,31300,2026-12-02 20:00:00,Bournemouth,Brighton,home,,,,
ENG-Premier League,2627,31310,2026-12-05 15:00:00,Bournemouth,Hull,home,,,,
ENG-Premier League,2627,31320,2026-12-12 15:00:00,Bournemouth,Arsenal,away,,,,
ENG-Premier League,2627,31330,2026-12-19 15:00:00,Bournemouth,Coventry,home,,,,
ENG-Premier League,2627,31348,2026-12-26 15:00:00,Bournemouth,Tottenham,away,,,,
ENG-Premier League,2627,31352,2026-12-30 20:00:00,Bournemouth,Crystal Palace,away,,,,
ENG-Premier League,2627,31360,2027-01-02 15:00:00,Bournemouth,Aston Villa,home,,,,
ENG-Premier League,2627,31371,2027-01-06 20:00:00,Bournemouth,Brighton,away,,,,
ENG-Premier League,2627,31380,2027-01-16 15:00:00,Bournemouth,Ipswich,home,,,,
ENG-Premier League,2627,31398,2027-01-23 15:00:00,Bournemouth,Nottingham Forest,away,,,,
ENG-Premier League,2627,31400,2027-01-30 15:00:00,Bournemouth,Fulham,home,,,,
ENG-Premier League,2627,31411,2027-02-06 15:00:00,Bournemouth,Leeds,away,,,,
ENG-Premier League,2627,31420,2027-02-10 20:00:00,Bournemouth,Aston Villa,away,,,,
ENG-Premier League,2627,31430,2027-02-20 15:00:00,Bournemouth,Crystal Palace,home,,,,
ENG-Premier League,2627,31441,2027-02-27 15:00:00,Bournemouth,Coventry,away,,,,
ENG-Premier League,2627,31450,2027-03-03 20:00:00,Bournemouth,Tottenham,home,,,,
ENG-Premier League,2627,31460,2027-03-13 15:00:00,Bournemouth,Newcastle United,home,,,,
ENG-Premier League,2627,31471,2027-03-20 15:00:00,Bournemouth,Brentford,away,,,,
ENG-Premier League,2627,31480,2027-04-10 14:00:00,Bournemouth,Manchester City,home,,,,
ENG-Premier League,2627,31493,2027-04-17 14:00:00,Bournemouth,Everton,away,,,,
ENG-Premier League,2627,31500,2027-04-24 14:00:00,Bournemouth,Arsenal,home,,,,
ENG-Premier League,2627,31515,2027-05-01 14:00:00,Bournemouth,Hull,away,,,,
ENG-Premier League,2627,31520,2027-05-08 14:00:00,Bournemouth,Manchester United,home,,,,
ENG-Premier League,2627,31539,2027-05-15 14:00:00,Bournemouth,Sunderland,away,,,,
ENG-Premier League,2627,31540,2027-05-23 14:00:00,Bournemouth,Chelsea,home,,,,
ENG-Premier League,2627,31557,2027-05-30 15:00:00,Bournemouth,Liverpool,away,,,,
ENG-Premier League,2627,31185,2026-08-22 16:30:00,Brentford,Tottenham,home,4.04155,0.756284,3.0,0.0
ENG-Premier League,2627,31197,2026-08-30 13:00:00,Brentford,Leeds,away,1.61344,1.14993,1.0,1.0
ENG-Premier League,2627,31205,2026-09-05 14:00:00,Brentford,Sunderland,home,1.58584,2.15489,1.0,1.0
ENG-Premier League,2627,31210,2026-09-12 14:00:00,Brentford,Bournemouth,away,0.794238,2.54949,2.0,2.0
ENG-Premier League,2627,31220,2026-09-18 19:00:00,Brentford,Chelsea,home,2.47935,0.885111,3.0,0.0
ENG-Premier League,2627,31231,2026-10-10 14:00:00,Brentford,Aston Villa,away,,,,
ENG-Premier League,2627,31242,2026-10-17 14:00:00,Brentford,Liverpool,home,,,,
ENG-Premier League,2627,31258,2026-10-25 14:00:00,Brentford,Hull,away,,,,
ENG-Premier League,2627,31265,2026-10-31 15:00:00,Brentford,Nottingham Forest,home,,,,
ENG-Premier League,2627,31271,2026-11-07 15:00:00,Brentford,Brighton,away,,,,
ENG-Premier League,2627,31282,2026-11-21 15:00:00,Brentford,Everton,home,,,,
ENG-Premier League,2627,31297,2026-11-28 15:00:00,Brentford,Manchester United,away,,,,
ENG-Premier League,2627,31302,2026-12-02 20:00:00,Brentford,Arsenal,home,,,,
ENG-Premier League,2627,31314,2026-12-05 15:00:00,Brentford,Manchester City,home,,,,
ENG-Premier League,2627,31325,2026-12-12 15:00:00,Brentford,Fulham,away,,,,
ENG-Premier League,2627,31332,2026-12-19 15:00:00,Brentford,Newcastle United,home,,,,
ENG-Premier League,2627,31345,2026-12-26 15:00:00,Brentford,Ipswich,away,,,,
ENG-Premier League,2627,31351,2026-12-30 20:00:00,Brentford,Coventry,away,,,,
ENG-Premier League,2627,31362,2027-01-02 15:00:00,Brentford,Crystal Palace,home,,,,
ENG-Premier League,2627,31370,2027-01-06 20:00:00,Brentford,Arsenal,away,,,,
ENG-Premier League,2627,31382,2027-01-16 15:00:00,Brentford,Brighton,home,,,,
ENG-Premier League,2627,31393,2027-01-23 15:00:00,Brentford,Everton,away,,,,
ENG-Premier League,2627,31407,2027-01-30 15:00:00,Brentford,Manchester United,home,,,,
ENG-Premier League,2627,31413,2027-02-06 15:00:00,Brentford,Nottingham Forest,away,,,,
ENG-Premier League,2627,31422,2027-02-10 20:00:00,Brentford,Crystal Palace,away,,,,
ENG-Premier League,2627,31432,2027-02-20 15:00:00,Brentford,Coventry,home,,,,
ENG-Premier League,2627,31448,2027-02-27 15:00:00,Brentford,Newcastle United,away,,,,
ENG-Premier League,2627,31452,2027-03-03 20:00:00,Brentford,Ipswich,home,,,,
ENG-Premier League,2627,31468,2027-03-13 15:00:00,Brentford,Sunderland,away,,,,
ENG-Premier League,2627,31471,2027-03-20 15:00:00,Brentford,Bournemouth,home,,,,
ENG-Premier League,2627,31489,2027-04-10 14:00:00,Brentford,Tottenham,away,,,,
ENG-Premier League,2627,31491,2027-04-17 14:00:00,Brentford,Leeds,home,,,,
ENG-Premier League,2627,31502,2027-04-24 14:00:00,Brentford,Fulham,home,,,,
ENG-Premier League,2627,31518,2027-05-01 14:00:00,Brentford,Manchester City,away,,,,
ENG-Premier League,2627,31521,2027-05-08 14:00:00,Brentford,Aston Villa,home,,,,
ENG-Premier League,2627,31537,2027-05-15 14:00:00,Brentford,Liverpool,away,,,,
ENG-Premier League,2627,31541,2027-05-23 14:00:00,Brentford,Hull,home,,,,
ENG-Premier League,2627,31550,2027-05-30 15:00:00,Brentford,Chelsea,away,,,,
ENG-Premier League,2627,31186,2026-08-23 13:00:00,Brighton,Aston Villa,home,4.00327,0.275249,4.0,0.0
ENG-Premier League,2627,31196,2026-08-30 13:00:00,Brighton,Chelsea,away,1.79173,3.8289,3.0,4.0
ENG-Premier League,2627,31206,2026-09-05 14:00:00,Brighton,Leeds,home,2.22026,2.23407,1.0,1.0
ENG-Premier League,2627,31217,2026-09-13 13:00:00,Brighton,Coventry,away,2.76518,1.04812,5.0,0.0
ENG-Premier League,2627,31224,2026-09-19 14:00:00,Brighton,Arsenal,home,2.11268,1.23979,3.0,0.0
ENG-Premier League,2627,31234,2026-10-10 14:00:00,Brighton,Sunderland,away,,,,
ENG-Premier League,2627,31245,2026-10-18 13:00:00,Brighton,Crystal Palace,home,,,,
ENG-Premier League,2627,31252,2026-10-24 14:00:00,Brighton,Liverpool,away,,,,
ENG-Premier League,2627,31263,2026-10-31 15:00:00,Brighton,Manchester City,away,,,,
ENG-Premier League,2627,31271,2026-11-07 15:00:00,Brighton,Brentford,home,,,,
ENG-Premier League,2627,31285,2026-11-21 15:00:00,Brighton,Hull,away,,,,
ENG-Premier League,2627,31291,2026-11-28 15:00:00,Brighton,Newcastle United,home,,,,
ENG-Premier League,2627,31300,2026-12-02 20:00:00,Brighton,Bournemouth,away,,,,
ENG-Premier League,2627,31312,2026-12-05 15:00:00,Brighton,Nottingham Forest,away,,,,
ENG-Premier League,2627,31321,2026-12-12 15:00:00,Brighton,Everton,home,,,,
ENG-Premier League,2627,31333,2026-12-19 15:00:00,Brighton,Ipswich,home,,,,
ENG-Premier League,2627,31344,2026-12-26 15:00:00,Brighton,Fulham,away,,,,
ENG-Premier League,2627,31354,2026-12-30 20:00:00,Brighton,Tottenham,away,,,,
ENG-Premier League,2627,31363,2027-01-02 15:00:00,Brighton,Manchester United,home,,,,
ENG-Premier League,2627,31371,2027-01-06 20:00:00,Brighton,Bournemouth,home,,,,
ENG-Premier League,2627,31382,2027-01-16 15:00:00,Brighton,Brentford,away,,,,
ENG-Premier League,2627,31391,2027-01-23 15:00:00,Brighton,Manchester City,home,,,,
ENG-Premier League,2627,31401,2027-01-30 15:00:00,Brighton,Newcastle United,away,,,,
ENG-Premier League,2627,31416,2027-02-06 15:00:00,Brighton,Hull,home,,,,
ENG-Premier League,2627,31427,2027-02-10 20:00:00,Brighton,Manchester United,away,,,,
ENG-Premier League,2627,31433,2027-02-20 15:00:00,Brighton,Tottenham,home,,,,
ENG-Premier League,2627,31446,2027-02-27 15:00:00,Brighton,Ipswich,away,,,,
ENG-Premier League,2627,31453,2027-03-03 20:00:00,Brighton,Fulham,home,,,,
ENG-Premier League,2627,31465,2027-03-13 15:00:00,Brighton,Leeds,away,,,,
ENG-Premier League,2627,31472,2027-03-20 15:00:00,Brighton,Coventry,home,,,,
ENG-Premier League,2627,31481,2027-04-10 14:00:00,Brighton,Aston Villa,away,,,,
ENG-Premier League,2627,31492,2027-04-17 14:00:00,Brighton,Chelsea,home,,,,
ENG-Premier League,2627,31504,2027-04-24 14:00:00,Brighton,Everton,away,,,,
ENG-Premier League,2627,31511,2027-05-01 14:00:00,Brighton,Nottingham Forest,home,,,,
ENG-Premier League,2627,31522,2027-05-08 14:00:00,Brighton,Sunderland,home,,,,
ENG-Premier League,2627,31534,2027-05-15 14:00:00,Brighton,Crystal Palace,away,,,,
ENG-Premier League,2627,31542,2027-05-23 14:00:00,Brighton,Liverpool,home,,,,
ENG-Premier League,2627,31554,2027-05-30 15:00:00,Brighton,Arsenal,away,,,,
ENG-Premier League,2627,31189,2026-08-24 19:00:00,Chelsea,Fulham,away,2.58384,1.41707,3.0,2.0
ENG-Premier League,2627,31196,2026-08-30 13:00:00,Chelsea,Brighton,home,3.8289,1.79173,4.0,3.0
ENG-Premier League,2627,31209,2026-09-06 15:30:00,Chelsea,Arsenal,away,0.430508,2.80555,1.0,2.0
ENG-Premier League,2627,31212,2026-09-12 14:00:00,Chelsea,Hull,home,1.21374,1.80363,2.0,2.0
ENG-Premier League,2627,31220,2026-09-18 19:00:00,Chelsea,Brentford,away,0.885111,2.47935,0.0,3.0
ENG-Premier League,2627,31232,2026-10-10 14:00:00,Chelsea,Bournemouth,home,,,,
ENG-Premier League,2627,31240,2026-10-17 11:30:00,Chelsea,Everton,away,,,,
ENG-Premier League,2627,31255,2026-10-24 16:30:00,Chelsea,Tottenham,home,,,,
ENG-Premier League,2627,31260,2026-10-31 12:30:00,Chelsea,Manchester United,home,,,,
ENG-Premier League,2627,31279,2026-11-07 15:00:00,Chelsea,Sunderland,away,,,,
ENG-Premier League,2627,31283,2026-11-21 15:00:00,Chelsea,Leeds,home,,,,
ENG-Premier League,2627,31298,2026-11-28 15:00:00,Chelsea,Nottingham Forest,away,,,,
ENG-Premier League,2627,31303,2026-12-02 20:00:00,Chelsea,Crystal Palace,home,,,,
ENG-Premier League,2627,31315,2026-12-05 15:00:00,Chelsea,Liverpool,home,,,,
ENG-Premier League,2627,31329,2026-12-12 15:00:00,Chelsea,Manchester City,away,,,,
ENG-Premier League,2627,31334,2026-12-19 15:00:00,Chelsea,Aston Villa,home,,,,
ENG-Premier League,2627,31341,2026-12-26 15:00:00,Chelsea,Coventry,away,,,,
ENG-Premier League,2627,31357,2026-12-30 20:00:00,Chelsea,Ipswich,away,,,,
ENG-Premier League,2627,31364,2027-01-02 15:00:00,Chelsea,Newcastle United,home,,,,
ENG-Premier League,2627,31372,2027-01-06 20:00:00,Chelsea,Crystal Palace,away,,,,
ENG-Premier League,2627,31383,2027-01-16 15:00:00,Chelsea,Sunderland,home,,,,
ENG-Premier League,2627,31396,2027-01-23 15:00:00,Chelsea,Leeds,away,,,,
ENG-Premier League,2627,31406,2027-01-30 15:00:00,Chelsea,Nottingham Forest,home,,,,
ENG-Premier League,2627,31412,2027-02-06 15:00:00,Chelsea,Manchester United,away,,,,
ENG-Premier League,2627,31428,2027-02-10 20:00:00,Chelsea,Newcastle United,away,,,,
ENG-Premier League,2627,31434,2027-02-20 15:00:00,Chelsea,Ipswich,home,,,,
ENG-Premier League,2627,31440,2027-02-27 15:00:00,Chelsea,Aston Villa,away,,,,
ENG-Premier League,2627,31454,2027-03-03 20:00:00,Chelsea,Coventry,home,,,,
ENG-Premier League,2627,31462,2027-03-13 15:00:00,Chelsea,Arsenal,home,,,,
ENG-Premier League,2627,31475,2027-03-20 15:00:00,Chelsea,Hull,away,,,,
ENG-Premier League,2627,31482,2027-04-10 14:00:00,Chelsea,Fulham,home,,,,
ENG-Premier League,2627,31492,2027-04-17 14:00:00,Chelsea,Brighton,away,,,,
ENG-Premier League,2627,31503,2027-04-24 14:00:00,Chelsea,Manchester City,home,,,,
ENG-Premier League,2627,31517,2027-05-01 14:00:00,Chelsea,Liverpool,away,,,,
ENG-Premier League,2627,31528,2027-05-08 14:00:00,Chelsea,Tottenham,away,,,,
ENG-Premier League,2627,31532,2027-05-15 14:00:00,Chelsea,Everton,home,,,,
ENG-Premier League,2627,31540,2027-05-23 14:00:00,Chelsea,Bournemouth,away,,,,
ENG-Premier League,2627,31550,2027-05-30 15:00:00,Chelsea,Brentford,home,,,,
ENG-Premier League,2627,31180,2026-08-21 19:00:00,Coventry,Arsenal,away,0.558336,1.85424,0.0,3.0
ENG-Premier League,2627,31192,2026-08-29 14:00:00,Coventry,Hull,home,1.18233,0.459726,0.0,1.0
ENG-Premier League,2627,31202,2026-09-05 14:00:00,Coventry,Manchester City,away,1.49306,2.19038,0.0,1.0
ENG-Premier League,2627,31217,2026-09-13 13:00:00,Coventry,Brighton,home,1.04812,2.76518,0.0,5.0
ENG-Premier League,2627,31227,2026-09-19 16:30:00,Coventry,Nottingham Forest,away,0.69375,1.31852,1.0,0.0
ENG-Premier League,2627,31239,2026-10-12 19:00:00,Coventry,Newcastle United,home,,,,
ENG-Premier League,2627,31249,2026-10-19 19:00:00,Coventry,Tottenham,away,,,,
ENG-Premier League,2627,31253,2026-10-24 14:00:00,Coventry,Fulham,home,,,,
ENG-Premier League,2627,31261,2026-10-31 15:00:00,Coventry,Sunderland,home,,,,
ENG-Premier League,2627,31273,2026-11-07 15:00:00,Coventry,Everton,away,,,,
ENG-Premier League,2627,31284,2026-11-21 15:00:00,Coventry,Crystal Palace,home,,,,
ENG-Premier League,2627,31296,2026-11-28 15:00:00,Coventry,Leeds,away,,,,
ENG-Premier League,2627,31304,2026-12-02 20:00:00,Coventry,Ipswich,home,,,,
ENG-Premier League,2627,31317,2026-12-05 15:00:00,Coventry,Manchester United,away,,,,
ENG-Premier League,2627,31322,2026-12-12 15:00:00,Coventry,Aston Villa,home,,,,
ENG-Premier League,2627,31330,2026-12-19 15:00:00,Coventry,Bournemouth,away,,,,
ENG-Premier League,2627,31341,2026-12-26 15:00:00,Coventry,Chelsea,home,,,,
ENG-Premier League,2627,31351,2026-12-30 20:00:00,Coventry,Brentford,home,,,,
ENG-Premier League,2627,31366,2027-01-02 15:00:00,Coventry,Liverpool,away,,,,
ENG-Premier League,2627,31375,2027-01-06 20:00:00,Coventry,Ipswich,away,,,,
ENG-Premier League,2627,31384,2027-01-16 15:00:00,Coventry,Everton,home,,,,
ENG-Premier League,2627,31399,2027-01-23 15:00:00,Coventry,Sunderland,away,,,,
ENG-Premier League,2627,31405,2027-01-30 15:00:00,Coventry,Leeds,home,,,,
ENG-Premier League,2627,31417,2027-02-06 15:00:00,Coventry,Crystal Palace,away,,,,
ENG-Premier League,2627,31421,2027-02-10 20:00:00,Coventry,Liverpool,home,,,,
ENG-Premier League,2627,31432,2027-02-20 15:00:00,Coventry,Brentford,away,,,,
ENG-Premier League,2627,31441,2027-02-27 15:00:00,Coventry,Bournemouth,home,,,,
ENG-Premier League,2627,31454,2027-03-03 20:00:00,Coventry,Chelsea,away,,,,
ENG-Premier League,2627,31463,2027-03-13 15:00:00,Coventry,Manchester City,home,,,,
ENG-Premier League,2627,31472,2027-03-20 15:00:00,Coventry,Brighton,away,,,,
ENG-Premier League,2627,31483,2027-04-10 14:00:00,Coventry,Arsenal,home,,,,
ENG-Premier League,2627,31495,2027-04-17 14:00:00,Coventry,Hull,away,,,,
ENG-Premier League,2627,31501,2027-04-24 14:00:00,Coventry,Aston Villa,away,,,,
ENG-Premier League,2627,31512,2027-05-01 14:00:00,Coventry,Manchester United,home,,,,
ENG-Premier League,2627,31526,2027-05-08 14:00:00,Coventry,Newcastle United,away,,,,
ENG-Premier League,2627,31533,2027-05-15 14:00:00,Coventry,Tottenham,home,,,,
ENG-Premier League,2627,31544,2027-05-23 14:00:00,Coventry,Fulham,away,,,,
ENG-Premier League,2627,31551,2027-05-30 15:00:00,Coventry,Nottingham Forest,home,,,,
ENG-Premier League,2627,31182,2026-08-22 14:00:00,Crystal Palace,Everton,away,2.23095,1.45085,0.0,2.0
ENG-Premier League,2627,31190,2026-08-28 19:00:00,Crystal Palace,Manchester City,home,0.926624,2.56662,1.0,4.0
ENG-Premier League,2627,31204,2026-09-05 14:00:00,Crystal Palace,Fulham,away,2.35981,2.88274,3.0,2.0
ENG-Premier League,2627,31213,2026-09-12 14:00:00,Crystal Palace,Ipswich,home,0.937888,2.03423,2.0,3.0
ENG-Premier League,2627,31225,2026-09-20 13:00:00,Crystal Palace,Leeds,away,1.12905,1.08552,0.0,0.0
ENG-Premier League,2627,31236,2026-10-11 13:00:00,Crystal Palace,Nottingham Forest,home,,,,
ENG-Premier League,2627,31245,2026-10-18 13:00:00,Crystal Palace,Brighton,away,,,,
ENG-Premier League,2627,31257,2026-10-25 14:00:00,Crystal Palace,Newcastle United,home,,,,
ENG-Premier League,2627,31266,2026-10-31 17:30:00,Crystal Palace,Tottenham,away,,,,
ENG-Premier League,2627,31272,2026-11-07 15:00:00,Crystal Palace,Liverpool,home,,,,
ENG-Premier League,2627,31284,2026-11-21 15:00:00,Crystal Palace,Coventry,away,,,,
ENG-Premier League,2627,31292,2026-11-28 15:00:00,Crystal Palace,Hull,home,,,,
ENG-Premier League,2627,31303,2026-12-02 20:00:00,Crystal Palace,Chelsea,away,,,,
ENG-Premier League,2627,31311,2026-12-05 15:00:00,Crystal Palace,Aston Villa,away,,,,
ENG-Premier League,2627,31323,2026-12-12 15:00:00,Crystal Palace,Manchester United,home,,,,
ENG-Premier League,2627,31339,2026-12-19 15:00:00,Crystal Palace,Sunderland,away,,,,
ENG-Premier League,2627,31342,2026-12-26 15:00:00,Crystal Palace,Arsenal,home,,,,
ENG-Premier League,2627,31352,2026-12-30 20:00:00,Crystal Palace,Bournemouth,home,,,,
ENG-Premier League,2627,31362,2027-01-02 15:00:00,Crystal Palace,Brentford,away,,,,
ENG-Premier League,2627,31372,2027-01-06 20:00:00,Crystal Palace,Chelsea,home,,,,
ENG-Premier League,2627,31386,2027-01-16 15:00:00,Crystal Palace,Liverpool,away,,,,
ENG-Premier League,2627,31392,2027-01-23 15:00:00,Crystal Palace,Tottenham,home,,,,
ENG-Premier League,2627,31404,2027-01-30 15:00:00,Crystal Palace,Hull,away,,,,
ENG-Premier League,2627,31417,2027-02-06 15:00:00,Crystal Palace,Coventry,home,,,,
ENG-Premier League,2627,31422,2027-02-10 20:00:00,Crystal Palace,Brentford,home,,,,
ENG-Premier League,2627,31430,2027-02-20 15:00:00,Crystal Palace,Bournemouth,away,,,,
ENG-Premier League,2627,31442,2027-02-27 15:00:00,Crystal Palace,Sunderland,home,,,,
ENG-Premier League,2627,31451,2027-03-03 20:00:00,Crystal Palace,Arsenal,away,,,,
ENG-Premier League,2627,31464,2027-03-13 15:00:00,Crystal Palace,Fulham,home,,,,
ENG-Premier League,2627,31476,2027-03-20 15:00:00,Crystal Palace,Ipswich,away,,,,
ENG-Premier League,2627,31484,2027-04-10 14:00:00,Crystal Palace,Everton,home,,,,
ENG-Premier League,2627,31497,2027-04-17 14:00:00,Crystal Palace,Manchester City,away,,,,
ENG-Premier League,2627,31506,2027-04-24 14:00:00,Crystal Palace,Manchester United,away,,,,
ENG-Premier League,2627,31513,2027-05-01 14:00:00,Crystal Palace,Aston Villa,home,,,,
ENG-Premier League,2627,31527,2027-05-08 14:00:00,Crystal Palace,Nottingham Forest,away,,,,
ENG-Premier League,2627,31534,2027-05-15 14:00:00,Crystal Palace,Brighton,home,,,,
ENG-Premier League,2627,31547,2027-05-23 14:00:00,Crystal Palace,Newcastle United,away,,,,
ENG-Premier League,2627,31552,2027-05-30 15:00:00,Crystal Palace,Leeds,home,,,,
ENG-Premier League,2627,31182,2026-08-22 14:00:00,Everton,Crystal Palace,home,1.45085,2.23095,2.0,0.0
ENG-Premier League,2627,31193,2026-08-29 14:00:00,Everton,Bournemouth,away,1.66352,2.25803,1.0,1.0
ENG-Premier League,2627,31208,2026-09-06 13:00:00,Everton,Manchester United,home,1.05629,0.872225,2.0,2.0
ENG-Premier League,2627,31215,2026-09-12 16:30:00,Everton,Tottenham,away,1.60056,0.736856,0.0,0.0
ENG-Premier League,2627,31226,2026-09-19 14:00:00,Everton,Ipswich,home,2.58285,1.10179,1.0,0.0
ENG-Premier League,2627,31237,2026-10-11 13:00:00,Everton,Hull,away,,,,
ENG-Premier League,2627,31240,2026-10-17 11:30:00,Everton,Chelsea,home,,,,
ENG-Premier League,2627,31254,2026-10-24 14:00:00,Everton,Arsenal,away,,,,
ENG-Premier League,2627,31269,2026-11-02 20:00:00,Everton,Newcastle United,away,,,,
ENG-Premier League,2627,31273,2026-11-07 15:00:00,Everton,Coventry,home,,,,
ENG-Premier League,2627,31282,2026-11-21 15:00:00,Everton,Brentford,away,,,,
ENG-Premier League,2627,31293,2026-11-28 15:00:00,Everton,Liverpool,home,,,,
ENG-Premier League,2627,31301,2026-12-02 20:00:00,Everton,Aston Villa,away,,,,
ENG-Premier League,2627,31316,2026-12-05 15:00:00,Everton,Fulham,home,,,,
ENG-Premier League,2627,31321,2026-12-12 15:00:00,Everton,Brighton,away,,,,
ENG-Premier League,2627,31338,2026-12-19 15:00:00,Everton,Nottingham Forest,away,,,,
ENG-Premier League,2627,31343,2026-12-26 15:00:00,Everton,Sunderland,home,,,,
ENG-Premier League,2627,31359,2026-12-30 20:00:00,Everton,Manchester City,home,,,,
ENG-Premier League,2627,31365,2027-01-02 15:00:00,Everton,Leeds,away,,,,
ENG-Premier League,2627,31373,2027-01-06 20:00:00,Everton,Aston Villa,home,,,,
ENG-Premier League,2627,31384,2027-01-16 15:00:00,Everton,Coventry,away,,,,
ENG-Premier League,2627,31393,2027-01-23 15:00:00,Everton,Brentford,home,,,,
ENG-Premier League,2627,31403,2027-01-30 15:00:00,Everton,Liverpool,away,,,,
ENG-Premier League,2627,31418,2027-02-06 15:00:00,Everton,Newcastle United,home,,,,
ENG-Premier League,2627,31423,2027-02-10 20:00:00,Everton,Leeds,home,,,,
ENG-Premier League,2627,31439,2027-02-20 15:00:00,Everton,Sunderland,away,,,,
ENG-Premier League,2627,31443,2027-02-27 15:00:00,Everton,Nottingham Forest,home,,,,
ENG-Premier League,2627,31457,2027-03-03 20:00:00,Everton,Manchester City,away,,,,
ENG-Premier League,2627,31467,2027-03-13 15:00:00,Everton,Manchester United,away,,,,
ENG-Premier League,2627,31473,2027-03-20 15:00:00,Everton,Tottenham,home,,,,
ENG-Premier League,2627,31484,2027-04-10 14:00:00,Everton,Crystal Palace,away,,,,
ENG-Premier League,2627,31493,2027-04-17 14:00:00,Everton,Bournemouth,home,,,,
ENG-Premier League,2627,31504,2027-04-24 14:00:00,Everton,Brighton,home,,,,
ENG-Premier League,2627,31514,2027-05-01 14:00:00,Everton,Fulham,away,,,,
ENG-Premier League,2627,31523,2027-05-08 14:00:00,Everton,Hull,home,,,,
ENG-Premier League,2627,31532,2027-05-15 14:00:00,Everton,Chelsea,away,,,,
ENG-Premier League,2627,31543,2027-05-23 14:00:00,Everton,Arsenal,home,,,,
ENG-Premier League,2627,31556,2027-05-30 15:00:00,Everton,Ipswich,away,,,,
ENG-Premier League,2627,31189,2026-08-24 19:00:00,Fulham,Chelsea,home,1.41707,2.58384,2.0,3.0
ENG-Premier League,2627,31195,2026-08-30 13:00:00,Fulham,Sunderland,away,1.02405,1.56229,0.0,1.0
ENG-Premier League,2627,31204,2026-09-05 14:00:00,Fulham,Crystal Palace,home,2.88274,2.35981,2.0,3.0
ENG-Premier League,2627,31214,2026-09-12 14:00:00,Fulham,Liverpool,away,0.922453,1.79832,0.0,0.0
ENG-Premier League,2627,31229,2026-09-20 15:30:00,Fulham,Manchester United,home,1.71719,2.12453,1.0,1.0
ENG-Premier League,2627,31233,2026-10-10 14:00:00,Fulham,Ipswich,away,,,,
ENG-Premier League,2627,31241,2026-10-17 14:00:00,Fulham,Hull,home,,,,
ENG-Premier League,2627,31253,2026-10-24 14:00:00,Fulham,Coventry,away,,,,
ENG-Premier League,2627,31267,2026-11-01 14:00:00,Fulham,Aston Villa,away,,,,
ENG-Premier League,2627,31274,2026-11-07 15:00:00,Fulham,Newcastle United,home,,,,
ENG-Premier League,2627,31287,2026-11-21 15:00:00,Fulham,Manchester City,away,,,,
ENG-Premier League,2627,31294,2026-11-28 15:00:00,Fulham,Bournemouth,home,,,,
ENG-Premier League,2627,31309,2026-12-02 20:00:00,Fulham,Tottenham,away,,,,
ENG-Premier League,2627,31316,2026-12-05 15:00:00,Fulham,Everton,away,,,,
ENG-Premier League,2627,31325,2026-12-12 15:00:00,Fulham,Brentford,home,,,,
ENG-Premier League,2627,31335,2026-12-19 15:00:00,Fulham,Leeds,away,,,,
ENG-Premier League,2627,31344,2026-12-26 15:00:00,Fulham,Brighton,home,,,,
ENG-Premier League,2627,31353,2026-12-30 20:00:00,Fulham,Arsenal,home,,,,
ENG-Premier League,2627,31369,2027-01-02 15:00:00,Fulham,Nottingham Forest,away,,,,
ENG-Premier League,2627,31374,2027-01-06 20:00:00,Fulham,Tottenham,home,,,,
ENG-Premier League,2627,31388,2027-01-16 15:00:00,Fulham,Newcastle United,away,,,,
ENG-Premier League,2627,31394,2027-01-23 15:00:00,Fulham,Aston Villa,home,,,,
ENG-Premier League,2627,31400,2027-01-30 15:00:00,Fulham,Bournemouth,away,,,,
ENG-Premier League,2627,31419,2027-02-06 15:00:00,Fulham,Manchester City,home,,,,
ENG-Premier League,2627,31424,2027-02-10 20:00:00,Fulham,Nottingham Forest,home,,,,
ENG-Premier League,2627,31431,2027-02-20 15:00:00,Fulham,Arsenal,away,,,,
ENG-Premier League,2627,31444,2027-02-27 15:00:00,Fulham,Leeds,home,,,,
ENG-Premier League,2627,31453,2027-03-03 20:00:00,Fulham,Brighton,away,,,,
ENG-Premier League,2627,31464,2027-03-13 15:00:00,Fulham,Crystal Palace,away,,,,
ENG-Premier League,2627,31474,2027-03-20 15:00:00,Fulham,Liverpool,home,,,,
ENG-Premier League,2627,31482,2027-04-10 14:00:00,Fulham,Chelsea,away,,,,
ENG-Premier League,2627,31494,2027-04-17 14:00:00,Fulham,Sunderland,home,,,,
ENG-Premier League,2627,31502,2027-04-24 14:00:00,Fulham,Brentford,away,,,,
ENG-Premier League,2627,31514,2027-05-01 14:00:00,Fulham,Everton,home,,,,
ENG-Premier League,2627,31524,2027-05-08 14:00:00,Fulham,Ipswich,home,,,,
ENG-Premier League,2627,31535,2027-05-15 14:00:00,Fulham,Hull,away,,,,
ENG-Premier League,2627,31544,2027-05-23 14:00:00,Fulham,Coventry,home,,,,
ENG-Premier League,2627,31558,2027-05-30 15:00:00,Fulham,Manchester United,away,,,,
ENG-Premier League,2627,31181,2026-08-22 11:30:00,Hull,Manchester United,home,1.49627,1.77874,2.0,0.0
ENG-Premier League,2627,31192,2026-08-29 14:00:00,Hull,Coventry,away,0.459726,1.18233,1.0,0.0
ENG-Premier League,2627,31207,2026-09-05 16:30:00,Hull,Aston Villa,home,0.812385,1.63526,0.0,0.0
ENG-Premier League,2627,31212,2026-09-12 14:00:00,Hull,Chelsea,away,1.80363,1.21374,2.0,2.0
ENG-Premier League,2627,31223,2026-09-19 14:00:00,Hull,Newcastle United,away,1.15888,1.37521,1.0,2.0
ENG-Premier League,2627,31237,2026-10-11 13:00:00,Hull,Everton,home,,,,
ENG-Premier League,2627,31241,2026-10-17 14:00:00,Hull,Fulham,away,,,,
ENG-Premier League,2627,31258,2026-10-25 14:00:00,Hull,Brentford,home,,,,
ENG-Premier League,2627,31262,2026-10-31 15:00:00,Hull,Ipswich,home,,,,
ENG-Premier League,2627,31270,2026-11-07 15:00:00,Hull,Arsenal,away,,,,
ENG-Premier League,2627,31285,2026-11-21 15:00:00,Hull,Brighton,home,,,,
ENG-Premier League,2627,31292,2026-11-28 15:00:00,Hull,Crystal Palace,away,,,,
ENG-Premier League,2627,31305,2026-12-02 20:00:00,Hull,Nottingham Forest,home,,,,
ENG-Premier League,2627,31310,2026-12-05 15:00:00,Hull,Bournemouth,away,,,,
ENG-Premier League,2627,31326,2026-12-12 15:00:00,Hull,Tottenham,home,,,,
ENG-Premier League,2627,31337,2026-12-19 15:00:00,Hull,Manchester City,away,,,,
ENG-Premier League,2627,31349,2026-12-26 15:00:00,Hull,Liverpool,home,,,,
ENG-Premier League,2627,31358,2026-12-30 20:00:00,Hull,Leeds,home,,,,
ENG-Premier League,2627,31368,2027-01-02 15:00:00,Hull,Sunderland,away,,,,
ENG-Premier League,2627,31378,2027-01-06 20:00:00,Hull,Nottingham Forest,away,,,,
ENG-Premier League,2627,31385,2027-01-16 15:00:00,Hull,Arsenal,home,,,,
ENG-Premier League,2627,31395,2027-01-23 15:00:00,Hull,Ipswich,away,,,,
ENG-Premier League,2627,31404,2027-01-30 15:00:00,Hull,Crystal Palace,home,,,,
ENG-Premier League,2627,31416,2027-02-06 15:00:00,Hull,Brighton,away,,,,
ENG-Premier League,2627,31425,2027-02-10 20:00:00,Hull,Sunderland,home,,,,
ENG-Premier League,2627,31436,2027-02-20 15:00:00,Hull,Liverpool,away,,,,
ENG-Premier League,2627,31445,2027-02-27 15:00:00,Hull,Manchester City,home,,,,
ENG-Premier League,2627,31455,2027-03-03 20:00:00,Hull,Leeds,away,,,,
ENG-Premier League,2627,31461,2027-03-13 15:00:00,Hull,Aston Villa,away,,,,
ENG-Premier League,2627,31475,2027-03-20 15:00:00,Hull,Chelsea,home,,,,
ENG-Premier League,2627,31487,2027-04-10 14:00:00,Hull,Manchester United,away,,,,
ENG-Premier League,2627,31495,2027-04-17 14:00:00,Hull,Coventry,home,,,,
ENG-Premier League,2627,31509,2027-04-24 14:00:00,Hull,Tottenham,away,,,,
ENG-Premier League,2627,31515,2027-05-01 14:00:00,Hull,Bournemouth,home,,,,
ENG-Premier League,2627,31523,2027-05-08 14:00:00,Hull,Everton,away,,,,
ENG-Premier League,2627,31535,2027-05-15 14:00:00,Hull,Fulham,home,,,,
ENG-Premier League,2627,31541,2027-05-23 14:00:00,Hull,Brentford,away,,,,
ENG-Premier League,2627,31555,2027-05-30 15:00:00,Hull,Newcastle United,home,,,,
ENG-Premier League,2627,31183,2026-08-22 14:00:00,Ipswich,Sunderland,home,1.58452,1.17743,2.0,1.0
ENG-Premier League,2627,31198,2026-08-30 15:30:00,Ipswich,Manchester United,away,1.80548,4.86612,2.0,5.0
ENG-Premier League,2627,31200,2026-09-04 19:00:00,Ipswich,Liverpool,home,0.597972,0.744139,0.0,2.0
ENG-Premier League,2627,31213,2026-09-12 14:00:00,Ipswich,Crystal Palace,away,2.03423,0.937888,3.0,2.0
ENG-Premier League,2627,31226,2026-09-19 14:00:00,Ipswich,Everton,away,1.10179,2.58285,0.0,1.0
ENG-Premier League,2627,31233,2026-10-10 14:00:00,Ipswich,Fulham,home,,,,
ENG-Premier League,2627,31243,2026-10-17 14:00:00,Ipswich,Manchester City,away,,,,
ENG-Premier League,2627,31250,2026-10-23 19:00:00,Ipswich,Nottingham Forest,home,,,,
ENG-Premier League,2627,31262,2026-10-31 15:00:00,Ipswich,Hull,away,,,,
ENG-Premier League,2627,31275,2026-11-07 15:00:00,Ipswich,Bournemouth,home,,,,
ENG-Premier League,2627,31289,2026-11-21 15:00:00,Ipswich,Tottenham,away,,,,
ENG-Premier League,2627,31295,2026-11-28 15:00:00,Ipswich,Aston Villa,home,,,,
ENG-Premier League,2627,31304,2026-12-02 20:00:00,Ipswich,Coventry,away,,,,
ENG-Premier League,2627,31318,2026-12-05 15:00:00,Ipswich,Leeds,away,,,,
ENG-Premier League,2627,31327,2026-12-12 15:00:00,Ipswich,Newcastle United,home,,,,
ENG-Premier League,2627,31333,2026-12-19 15:00:00,Ipswich,Brighton,away,,,,
ENG-Premier League,2627,31345,2026-12-26 15:00:00,Ipswich,Brentford,home,,,,
ENG-Premier League,2627,31357,2026-12-30 20:00:00,Ipswich,Chelsea,home,,,,
ENG-Premier League,2627,31361,2027-01-02 15:00:00,Ipswich,Arsenal,away,,,,
ENG-Premier League,2627,31375,2027-01-06 20:00:00,Ipswich,Coventry,home,,,,
ENG-Premier League,2627,31380,2027-01-16 15:00:00,Ipswich,Bournemouth,away,,,,
ENG-Premier League,2627,31395,2027-01-23 15:00:00,Ipswich,Hull,home,,,,
ENG-Premier League,2627,31408,2027-01-30 15:00:00,Ipswich,Aston Villa,away,,,,
ENG-Premier League,2627,31410,2027-02-06 15:00:00,Ipswich,Tottenham,home,,,,
ENG-Premier League,2627,31426,2027-02-10 20:00:00,Ipswich,Arsenal,home,,,,
ENG-Premier League,2627,31434,2027-02-20 15:00:00,Ipswich,Chelsea,away,,,,
ENG-Premier League,2627,31446,2027-02-27 15:00:00,Ipswich,Brighton,home,,,,
ENG-Premier League,2627,31452,2027-03-03 20:00:00,Ipswich,Brentford,away,,,,
ENG-Premier League,2627,31466,2027-03-13 15:00:00,Ipswich,Liverpool,away,,,,
ENG-Premier League,2627,31476,2027-03-20 15:00:00,Ipswich,Crystal Palace,home,,,,
ENG-Premier League,2627,31488,2027-04-10 14:00:00,Ipswich,Sunderland,away,,,,
ENG-Premier League,2627,31496,2027-04-17 14:00:00,Ipswich,Manchester United,home,,,,
ENG-Premier League,2627,31507,2027-04-24 14:00:00,Ipswich,Newcastle United,away,,,,
ENG-Premier League,2627,31516,2027-05-01 14:00:00,Ipswich,Leeds,home,,,,
ENG-Premier League,2627,31524,2027-05-08 14:00:00,Ipswich,Fulham,away,,,,
ENG-Premier League,2627,31536,2027-05-15 14:00:00,Ipswich,Manchester City,home,,,,
ENG-Premier League,2627,31548,2027-05-23 14:00:00,Ipswich,Nottingham Forest,away,,,,
ENG-Premier League,2627,31556,2027-05-30 15:00:00,Ipswich,Everton,home,,,,
ENG-Premier League,2627,31184,2026-08-22 14:00:00,Leeds,Nottingham Forest,away,0.466247,0.656681,1.0,0.0
ENG-Premier League,2627,31197,2026-08-30 13:00:00,Leeds,Brentford,home,1.14993,1.61344,1.0,1.0
ENG-Premier League,2627,31206,2026-09-05 14:00:00,Leeds,Brighton,away,2.23407,2.22026,1.0,1.0
ENG-Premier League,2627,31219,2026-09-14 19:00:00,Leeds,Newcastle United,home,2.2902,0.793165,4.0,1.0
ENG-Premier League,2627,31225,2026-09-20 13:00:00,Leeds,Crystal Palace,home,1.08552,1.12905,0.0,0.0
ENG-Premier League,2627,31230,2026-10-10 11:30:00,Leeds,Arsenal,away,,,,
ENG-Premier League,2627,31247,2026-10-18 13:00:00,Leeds,Manchester United,home,,,,
ENG-Premier League,2627,31259,2026-10-25 16:30:00,Leeds,Sunderland,away,,,,
ENG-Premier League,2627,31264,2026-10-31 15:00:00,Leeds,Bournemouth,away,,,,
ENG-Premier League,2627,31276,2026-11-07 15:00:00,Leeds,Tottenham,home,,,,
ENG-Premier League,2627,31283,2026-11-21 15:00:00,Leeds,Chelsea,away,,,,
ENG-Premier League,2627,31296,2026-11-28 15:00:00,Leeds,Coventry,home,,,,
ENG-Premier League,2627,31307,2026-12-02 20:00:00,Leeds,Manchester City,away,,,,
ENG-Premier League,2627,31318,2026-12-05 15:00:00,Leeds,Ipswich,home,,,,
ENG-Premier League,2627,31328,2026-12-12 15:00:00,Leeds,Liverpool,away,,,,
ENG-Premier League,2627,31335,2026-12-19 15:00:00,Leeds,Fulham,home,,,,
ENG-Premier League,2627,31340,2026-12-26 15:00:00,Leeds,Aston Villa,away,,,,
ENG-Premier League,2627,31358,2026-12-30 20:00:00,Leeds,Hull,away,,,,
ENG-Premier League,2627,31365,2027-01-02 15:00:00,Leeds,Everton,home,,,,
ENG-Premier League,2627,31376,2027-01-06 20:00:00,Leeds,Manchester City,home,,,,
ENG-Premier League,2627,31389,2027-01-16 15:00:00,Leeds,Tottenham,away,,,,
ENG-Premier League,2627,31396,2027-01-23 15:00:00,Leeds,Chelsea,home,,,,
ENG-Premier League,2627,31405,2027-01-30 15:00:00,Leeds,Coventry,away,,,,
ENG-Premier League,2627,31411,2027-02-06 15:00:00,Leeds,Bournemouth,home,,,,
ENG-Premier League,2627,31423,2027-02-10 20:00:00,Leeds,Everton,away,,,,
ENG-Premier League,2627,31435,2027-02-20 15:00:00,Leeds,Aston Villa,home,,,,
ENG-Premier League,2627,31444,2027-02-27 15:00:00,Leeds,Fulham,away,,,,
ENG-Premier League,2627,31455,2027-03-03 20:00:00,Leeds,Hull,home,,,,
ENG-Premier League,2627,31465,2027-03-13 15:00:00,Leeds,Brighton,home,,,,
ENG-Premier League,2627,31478,2027-03-20 15:00:00,Leeds,Newcastle United,away,,,,
ENG-Premier League,2627,31485,2027-04-10 14:00:00,Leeds,Nottingham Forest,home,,,,
ENG-Premier League,2627,31491,2027-04-17 14:00:00,Leeds,Brentford,away,,,,
ENG-Premier League,2627,31505,2027-04-24 14:00:00,Leeds,Liverpool,home,,,,
ENG-Premier League,2627,31516,2027-05-01 14:00:00,Leeds,Ipswich,away,,,,
ENG-Premier League,2627,31525,2027-05-08 14:00:00,Leeds,Arsenal,home,,,,
ENG-Premier League,2627,31538,2027-05-15 14:00:00,Leeds,Manchester United,away,,,,
ENG-Premier League,2627,31545,2027-05-23 14:00:00,Leeds,Sunderland,home,,,,
ENG-Premier League,2627,31552,2027-05-30 15:00:00,Leeds,Crystal Palace,away,,,,
ENG-Premier League,2627,31188,2026-08-23 15:30:00,Liverpool,Newcastle United,away,3.13133,1.59465,2.0,2.0
ENG-Premier League,2627,31191,2026-08-29 11:30:00,Liverpool,Nottingham Forest,home,1.27921,2.87937,2.0,2.0
ENG-Premier League,2627,31200,2026-09-04 19:00:00,Liverpool,Ipswich,away,0.744139,0.597972,2.0,0.0
ENG-Premier League,2627,31214,2026-09-12 14:00:00,Liverpool,Fulham,home,1.79832,0.922453,0.0,0.0
ENG-Premier League,2627,31228,2026-09-20 13:00:00,Liverpool,Bournemouth,away,1.29116,0.944706,1.0,0.0
ENG-Premier League,2627,31238,2026-10-11 15:30:00,Liverpool,Manchester City,home,,,,
ENG-Premier League,2627,31242,2026-10-17 14:00:00,Liverpool,Brentford,away,,,,
ENG-Premier League,2627,31252,2026-10-24 14:00:00,Liverpool,Brighton,home,,,,
ENG-Premier League,2627,31268,2026-11-01 16:30:00,Liverpool,Arsenal,home,,,,
ENG-Premier League,2627,31272,2026-11-07 15:00:00,Liverpool,Crystal Palace,away,,,,
ENG-Premier League,2627,31286,2026-11-21 15:00:00,Liverpool,Manchester United,home,,,,
ENG-Premier League,2627,31293,2026-11-28 15:00:00,Liverpool,Everton,away,,,,
ENG-Premier League,2627,31306,2026-12-02 20:00:00,Liverpool,Sunderland,home,,,,
ENG-Premier League,2627,31315,2026-12-05 15:00:00,Liverpool,Chelsea,away,,,,
ENG-Premier League,2627,31328,2026-12-12 15:00:00,Liverpool,Leeds,home,,,,
ENG-Premier League,2627,31336,2026-12-19 15:00:00,Liverpool,Tottenham,home,,,,
ENG-Premier League,2627,31349,2026-12-26 15:00:00,Liverpool,Hull,away,,,,
ENG-Premier League,2627,31350,2026-12-30 20:00:00,Liverpool,Aston Villa,away,,,,
ENG-Premier League,2627,31366,2027-01-02 15:00:00,Liverpool,Coventry,home,,,,
ENG-Premier League,2627,31379,2027-01-06 20:00:00,Liverpool,Sunderland,away,,,,
ENG-Premier League,2627,31386,2027-01-16 15:00:00,Liverpool,Crystal Palace,home,,,,
ENG-Premier League,2627,31397,2027-01-23 15:00:00,Liverpool,Manchester United,away,,,,
ENG-Premier League,2627,31403,2027-01-30 15:00:00,Liverpool,Everton,home,,,,
ENG-Premier League,2627,31415,2027-02-06 15:00:00,Liverpool,Arsenal,away,,,,
ENG-Premier League,2627,31421,2027-02-10 20:00:00,Liverpool,Coventry,away,,,,
ENG-Premier League,2627,31436,2027-02-20 15:00:00,Liverpool,Hull,home,,,,
ENG-Premier League,2627,31449,2027-02-27 15:00:00,Liverpool,Tottenham,away,,,,
ENG-Premier League,2627,31456,2027-03-03 20:00:00,Liverpool,Aston Villa,home,,,,
ENG-Premier League,2627,31466,2027-03-13 15:00:00,Liverpool,Ipswich,home,,,,
ENG-Premier League,2627,31474,2027-03-20 15:00:00,Liverpool,Fulham,away,,,,
ENG-Premier League,2627,31486,2027-04-10 14:00:00,Liverpool,Newcastle United,home,,,,
ENG-Premier League,2627,31499,2027-04-17 14:00:00,Liverpool,Nottingham Forest,away,,,,
ENG-Premier League,2627,31505,2027-04-24 14:00:00,Liverpool,Leeds,away,,,,
ENG-Premier League,2627,31517,2027-05-01 14:00:00,Liverpool,Chelsea,home,,,,
ENG-Premier League,2627,31529,2027-05-08 14:00:00,Liverpool,Manchester City,away,,,,
ENG-Premier League,2627,31537,2027-05-15 14:00:00,Liverpool,Brentford,home,,,,
ENG-Premier League,2627,31542,2027-05-23 14:00:00,Liverpool,Brighton,away,,,,
ENG-Premier League,2627,31557,2027-05-30 15:00:00,Liverpool,Bournemouth,home,,,,
ENG-Premier League,2627,31187,2026-08-23 13:00:00,Manchester City,Bournemouth,home,2.47444,0.707541,2.0,1.0
ENG-Premier League,2627,31190,2026-08-28 19:00:00,Manchester City,Crystal Palace,away,2.56662,0.926624,4.0,1.0
ENG-Premier League,2627,31202,2026-09-05 14:00:00,Manchester City,Coventry,home,2.19038,1.49306,1.0,0.0
ENG-Premier League,2627,31218,2026-09-13 15:30:00,Manchester City,Manchester United,away,1.14073,0.943406,1.0,0.0
ENG-Premier League,2627,31222,2026-09-20 13:00:00,Manchester City,Sunderland,home,2.66856,3.10661,5.0,3.0
ENG-Premier League,2627,31238,2026-10-11 15:30:00,Manchester City,Liverpool,away,,,,
ENG-Premier League,2627,31243,2026-10-17 14:00:00,Manchester City,Ipswich,home,,,,
ENG-Premier League,2627,31251,2026-10-24 11:30:00,Manchester City,Aston Villa,away,,,,
ENG-Premier League,2627,31263,2026-10-31 15:00:00,Manchester City,Brighton,home,,,,
ENG-Premier League,2627,31278,2026-11-07 15:00:00,Manchester City,Nottingham Forest,away,,,,
ENG-Premier League,2627,31287,2026-11-21 15:00:00,Manchester City,Fulham,home,,,,
ENG-Premier League,2627,31290,2026-11-28 15:00:00,Manchester City,Arsenal,away,,,,
ENG-Premier League,2627,31307,2026-12-02 20:00:00,Manchester City,Leeds,home,,,,
ENG-Premier League,2627,31314,2026-12-05 15:00:00,Manchester City,Brentford,away,,,,
ENG-Premier League,2627,31329,2026-12-12 15:00:00,Manchester City,Chelsea,home,,,,
ENG-Premier League,2627,31337,2026-12-19 15:00:00,Manchester City,Hull,home,,,,
ENG-Premier League,2627,31347,2026-12-26 15:00:00,Manchester City,Newcastle United,away,,,,
ENG-Premier League,2627,31359,2026-12-30 20:00:00,Manchester City,Everton,away,,,,
ENG-Premier League,2627,31367,2027-01-02 15:00:00,Manchester City,Tottenham,home,,,,
ENG-Premier League,2627,31376,2027-01-06 20:00:00,Manchester City,Leeds,away,,,,
ENG-Premier League,2627,31387,2027-01-16 15:00:00,Manchester City,Nottingham Forest,home,,,,
ENG-Premier League,2627,31391,2027-01-23 15:00:00,Manchester City,Brighton,away,,,,
ENG-Premier League,2627,31402,2027-01-30 15:00:00,Manchester City,Arsenal,home,,,,
ENG-Premier League,2627,31419,2027-02-06 15:00:00,Manchester City,Fulham,away,,,,
ENG-Premier League,2627,31429,2027-02-10 20:00:00,Manchester City,Tottenham,away,,,,
ENG-Premier League,2627,31437,2027-02-20 15:00:00,Manchester City,Newcastle United,home,,,,
ENG-Premier League,2627,31445,2027-02-27 15:00:00,Manchester City,Hull,away,,,,
ENG-Premier League,2627,31457,2027-03-03 20:00:00,Manchester City,Everton,home,,,,
ENG-Premier League,2627,31463,2027-03-13 15:00:00,Manchester City,Coventry,away,,,,
ENG-Premier League,2627,31477,2027-03-20 15:00:00,Manchester City,Manchester United,home,,,,
ENG-Premier League,2627,31480,2027-04-10 14:00:00,Manchester City,Bournemouth,away,,,,
ENG-Premier League,2627,31497,2027-04-17 14:00:00,Manchester City,Crystal Palace,home,,,,
ENG-Premier League,2627,31503,2027-04-24 14:00:00,Manchester City,Chelsea,away,,,,
ENG-Premier League,2627,31518,2027-05-01 14:00:00,Manchester City,Brentford,home,,,,
ENG-Premier League,2627,31529,2027-05-08 14:00:00,Manchester City,Liverpool,home,,,,
ENG-Premier League,2627,31536,2027-05-15 14:00:00,Manchester City,Ipswich,away,,,,
ENG-Premier League,2627,31546,2027-05-23 14:00:00,Manchester City,Aston Villa,home,,,,
ENG-Premier League,2627,31559,2027-05-30 15:00:00,Manchester City,Sunderland,away,,,,
ENG-Premier League,2627,31181,2026-08-22 11:30:00,Manchester United,Hull,away,1.77874,1.49627,0.0,2.0
ENG-Premier League,2627,31198,2026-08-30 15:30:00,Manchester United,Ipswich,home,4.86612,1.80548,5.0,2.0
ENG-Premier League,2627,31208,2026-09-06 13:00:00,Manchester United,Everton,away,0.872225,1.05629,2.0,2.0
ENG-Premier League,2627,31218,2026-09-13 15:30:00,Manchester United,Manchester City,home,0.943406,1.14073,0.0,1.0
ENG-Premier League,2627,31229,2026-09-20 15:30:00,Manchester United,Fulham,away,2.12453,1.71719,1.0,1.0
ENG-Premier League,2627,31235,2026-10-10 16:30:00,Manchester United,Tottenham,home,,,,
ENG-Premier League,2627,31247,2026-10-18 13:00:00,Manchester United,Leeds,away,,,,
ENG-Premier League,2627,31256,2026-10-25 14:00:00,Manchester United,Bournemouth,home,,,,
ENG-Premier League,2627,31260,2026-10-31 12:30:00,Manchester United,Chelsea,away,,,,
ENG-Premier League,2627,31277,2026-11-07 15:00:00,Manchester United,Aston Villa,home,,,,
ENG-Premier League,2627,31286,2026-11-21 15:00:00,Manchester United,Liverpool,away,,,,
ENG-Premier League,2627,31297,2026-11-28 15:00:00,Manchester United,Brentford,home,,,,
ENG-Premier League,2627,31308,2026-12-02 20:00:00,Manchester United,Newcastle United,away,,,,
ENG-Premier League,2627,31317,2026-12-05 15:00:00,Manchester United,Coventry,home,,,,
ENG-Premier League,2627,31323,2026-12-12 15:00:00,Manchester United,Crystal Palace,away,,,,
ENG-Premier League,2627,31331,2026-12-19 15:00:00,Manchester United,Arsenal,away,,,,
ENG-Premier League,2627,31346,2026-12-26 15:00:00,Manchester United,Nottingham Forest,home,,,,
ENG-Premier League,2627,31356,2026-12-30 20:00:00,Manchester United,Sunderland,home,,,,
ENG-Premier League,2627,31363,2027-01-02 15:00:00,Manchester United,Brighton,away,,,,
ENG-Premier League,2627,31377,2027-01-06 20:00:00,Manchester United,Newcastle United,home,,,,
ENG-Premier League,2627,31381,2027-01-16 15:00:00,Manchester United,Aston Villa,away,,,,
ENG-Premier League,2627,31397,2027-01-23 15:00:00,Manchester United,Liverpool,home,,,,
ENG-Premier League,2627,31407,2027-01-30 15:00:00,Manchester United,Brentford,away,,,,
ENG-Premier League,2627,31412,2027-02-06 15:00:00,Manchester United,Chelsea,home,,,,
ENG-Premier League,2627,31427,2027-02-10 20:00:00,Manchester United,Brighton,home,,,,
ENG-Premier League,2627,31438,2027-02-20 15:00:00,Manchester United,Nottingham Forest,away,,,,
ENG-Premier League,2627,31447,2027-02-27 15:00:00,Manchester United,Arsenal,home,,,,
ENG-Premier League,2627,31459,2027-03-03 20:00:00,Manchester United,Sunderland,away,,,,
ENG-Premier League,2627,31467,2027-03-13 15:00:00,Manchester United,Everton,home,,,,
ENG-Premier League,2627,31477,2027-03-20 15:00:00,Manchester United,Manchester City,away,,,,
ENG-Premier League,2627,31487,2027-04-10 14:00:00,Manchester United,Hull,home,,,,
ENG-Premier League,2627,31496,2027-04-17 14:00:00,Manchester United,Ipswich,away,,,,
ENG-Premier League,2627,31506,2027-04-24 14:00:00,Manchester United,Crystal Palace,home,,,,
ENG-Premier League,2627,31512,2027-05-01 14:00:00,Manchester United,Coventry,away,,,,
ENG-Premier League,2627,31520,2027-05-08 14:00:00,Manchester United,Bournemouth,away,,,,
ENG-Premier League,2627,31538,2027-05-15 14:00:00,Manchester United,Leeds,home,,,,
ENG-Premier League,2627,31549,2027-05-23 14:00:00,Manchester United,Tottenham,away,,,,
ENG-Premier League,2627,31558,2027-05-30 15:00:00,Manchester United,Fulham,home,,,,
ENG-Premier League,2627,31188,2026-08-23 15:30:00,Newcastle United,Liverpool,home,1.59465,3.13133,2.0,2.0
ENG-Premier League,2627,31194,2026-08-29 16:30:00,Newcastle United,Tottenham,away,1.00952,1.12037,2.0,0.0
ENG-Premier League,2627,31201,2026-09-05 11:30:00,Newcastle United,Bournemouth,home,0.771636,1.63891,2.0,2.0
ENG-Premier League,2627,31219,2026-09-14 19:00:00,Newcastle United,Leeds,away,0.793165,2.2902,1.0,4.0
ENG-Premier League,2627,31223,2026-09-19 14:00:00,Newcastle United,Hull,home,1.37521,1.15888,2.0,1.0
ENG-Premier League,2627,31239,2026-10-12 19:00:00,Newcastle United,Coventry,away,,,,
ENG-Premier League,2627,31244,2026-10-17 16:30:00,Newcastle United,Aston Villa,home,,,,
ENG-Premier League,2627,31257,2026-10-25 14:00:00,Newcastle United,Crystal Palace,away,,,,
ENG-Premier League,2627,31269,2026-11-02 20:00:00,Newcastle United,Everton,home,,,,
ENG-Premier League,2627,31274,2026-11-07 15:00:00,Newcastle United,Fulham,away,,,,
ENG-Premier League,2627,31288,2026-11-21 15:00:00,Newcastle United,Arsenal,home,,,,
ENG-Premier League,2627,31291,2026-11-28 15:00:00,Newcastle United,Brighton,away,,,,
ENG-Premier League,2627,31308,2026-12-02 20:00:00,Newcastle United,Manchester United,home,,,,
ENG-Premier League,2627,31319,2026-12-05 15:00:00,Newcastle United,Sunderland,home,,,,
ENG-Premier League,2627,31327,2026-12-12 15:00:00,Newcastle United,Ipswich,away,,,,
ENG-Premier League,2627,31332,2026-12-19 15:00:00,Newcastle United,Brentford,away,,,,
ENG-Premier League,2627,31347,2026-12-26 15:00:00,Newcastle United,Manchester City,home,,,,
ENG-Premier League,2627,31355,2026-12-30 20:00:00,Newcastle United,Nottingham Forest,home,,,,
ENG-Premier League,2627,31364,2027-01-02 15:00:00,Newcastle United,Chelsea,away,,,,
ENG-Premier League,2627,31377,2027-01-06 20:00:00,Newcastle United,Manchester United,away,,,,
ENG-Premier League,2627,31388,2027-01-16 15:00:00,Newcastle United,Fulham,home,,,,
ENG-Premier League,2627,31390,2027-01-23 15:00:00,Newcastle United,Arsenal,away,,,,
ENG-Premier League,2627,31401,2027-01-30 15:00:00,Newcastle United,Brighton,home,,,,
ENG-Premier League,2627,31418,2027-02-06 15:00:00,Newcastle United,Everton,away,,,,
ENG-Premier League,2627,31428,2027-02-10 20:00:00,Newcastle United,Chelsea,home,,,,
ENG-Premier League,2627,31437,2027-02-20 15:00:00,Newcastle United,Manchester City,away,,,,
ENG-Premier League,2627,31448,2027-02-27 15:00:00,Newcastle United,Brentford,home,,,,
ENG-Premier League,2627,31458,2027-03-03 20:00:00,Newcastle United,Nottingham Forest,away,,,,
ENG-Premier League,2627,31460,2027-03-13 15:00:00,Newcastle United,Bournemouth,away,,,,
ENG-Premier League,2627,31478,2027-03-20 15:00:00,Newcastle United,Leeds,home,,,,
ENG-Premier League,2627,31486,2027-04-10 14:00:00,Newcastle United,Liverpool,away,,,,
ENG-Premier League,2627,31498,2027-04-17 14:00:00,Newcastle United,Tottenham,home,,,,
ENG-Premier League,2627,31507,2027-04-24 14:00:00,Newcastle United,Ipswich,home,,,,
ENG-Premier League,2627,31519,2027-05-01 14:00:00,Newcastle United,Sunderland,away,,,,
ENG-Premier League,2627,31526,2027-05-08 14:00:00,Newcastle United,Coventry,home,,,,
ENG-Premier League,2627,31531,2027-05-15 14:00:00,Newcastle United,Aston Villa,away,,,,
ENG-Premier League,2627,31547,2027-05-23 14:00:00,Newcastle United,Crystal Palace,home,,,,
ENG-Premier League,2627,31555,2027-05-30 15:00:00,Newcastle United,Hull,away,,,,
ENG-Premier League,2627,31184,2026-08-22 14:00:00,Nottingham Forest,Leeds,home,0.656681,0.466247,0.0,1.0
ENG-Premier League,2627,31191,2026-08-29 11:30:00,Nottingham Forest,Liverpool,away,2.87937,1.27921,2.0,2.0
ENG-Premier League,2627,31203,2026-09-05 14:00:00,Nottingham Forest,Tottenham,home,0.831692,1.48446,0.0,0.0
ENG-Premier League,2627,31211,2026-09-12 14:00:00,Nottingham Forest,Aston Villa,away,2.79451,1.08786,2.0,1.0
ENG-Premier League,2627,31227,2026-09-19 16:30:00,Nottingham Forest,Coventry,home,1.31852,0.69375,0.0,1.0
ENG-Premier League,2627,31236,2026-10-11 13:00:00,Nottingham Forest,Crystal Palace,away,,,,
ENG-Premier League,2627,31248,2026-10-18 15:30:00,Nottingham Forest,Arsenal,home,,,,
ENG-Premier League,2627,31250,2026-10-23 19:00:00,Nottingham Forest,Ipswich,away,,,,
ENG-Premier League,2627,31265,2026-10-31 15:00:00,Nottingham Forest,Brentford,away,,,,
ENG-Premier League,2627,31278,2026-11-07 15:00:00,Nottingham Forest,Manchester City,home,,,,
ENG-Premier League,2627,31280,2026-11-21 15:00:00,Nottingham Forest,Bournemouth,away,,,,
ENG-Premier League,2627,31298,2026-11-28 15:00:00,Nottingham Forest,Chelsea,home,,,,
ENG-Premier League,2627,31305,2026-12-02 20:00:00,Nottingham Forest,Hull,away,,,,
ENG-Premier League,2627,31312,2026-12-05 15:00:00,Nottingham Forest,Brighton,home,,,,
ENG-Premier League,2627,31324,2026-12-12 15:00:00,Nottingham Forest,Sunderland,away,,,,
ENG-Premier League,2627,31338,2026-12-19 15:00:00,Nottingham Forest,Everton,home,,,,
ENG-Premier League,2627,31346,2026-12-26 15:00:00,Nottingham Forest,Manchester United,away,,,,
ENG-Premier League,2627,31355,2026-12-30 20:00:00,Nottingham Forest,Newcastle United,away,,,,
ENG-Premier League,2627,31369,2027-01-02 15:00:00,Nottingham Forest,Fulham,home,,,,
ENG-Premier League,2627,31378,2027-01-06 20:00:00,Nottingham Forest,Hull,home,,,,
ENG-Premier League,2627,31387,2027-01-16 15:00:00,Nottingham Forest,Manchester City,away,,,,
ENG-Premier League,2627,31398,2027-01-23 15:00:00,Nottingham Forest,Bournemouth,home,,,,
ENG-Premier League,2627,31406,2027-01-30 15:00:00,Nottingham Forest,Chelsea,away,,,,
ENG-Premier League,2627,31413,2027-02-06 15:00:00,Nottingham Forest,Brentford,home,,,,
ENG-Premier League,2627,31424,2027-02-10 20:00:00,Nottingham Forest,Fulham,away,,,,
ENG-Premier League,2627,31438,2027-02-20 15:00:00,Nottingham Forest,Manchester United,home,,,,
ENG-Premier League,2627,31443,2027-02-27 15:00:00,Nottingham Forest,Everton,away,,,,
ENG-Premier League,2627,31458,2027-03-03 20:00:00,Nottingham Forest,Newcastle United,home,,,,
ENG-Premier League,2627,31469,2027-03-13 15:00:00,Nottingham Forest,Tottenham,away,,,,
ENG-Premier League,2627,31479,2027-03-20 15:00:00,Nottingham Forest,Aston Villa,home,,,,
ENG-Premier League,2627,31485,2027-04-10 14:00:00,Nottingham Forest,Leeds,away,,,,
ENG-Premier League,2627,31499,2027-04-17 14:00:00,Nottingham Forest,Liverpool,home,,,,
ENG-Premier League,2627,31508,2027-04-24 14:00:00,Nottingham Forest,Sunderland,home,,,,
ENG-Premier League,2627,31511,2027-05-01 14:00:00,Nottingham Forest,Brighton,away,,,,
ENG-Premier League,2627,31527,2027-05-08 14:00:00,Nottingham Forest,Crystal Palace,home,,,,
ENG-Premier League,2627,31530,2027-05-15 14:00:00,Nottingham Forest,Arsenal,away,,,,
ENG-Premier League,2627,31548,2027-05-23 14:00:00,Nottingham Forest,Ipswich,home,,,,
ENG-Premier League,2627,31551,2027-05-30 15:00:00,Nottingham Forest,Coventry,away,,,,
ENG-Premier League,2627,31183,2026-08-22 14:00:00,Sunderland,Ipswich,away,1.17743,1.58452,1.0,2.0
ENG-Premier League,2627,31195,2026-08-30 13:00:00,Sunderland,Fulham,home,1.56229,1.02405,1.0,0.0
ENG-Premier League,2627,31205,2026-09-05 14:00:00,Sunderland,Brentford,away,2.15489,1.58584,1.0,1.0
ENG-Premier League,2627,31216,2026-09-12 19:00:00,Sunderland,Arsenal,home,2.07033,1.98905,0.0,2.0
ENG-Premier League,2627,31222,2026-09-20 13:00:00,Sunderland,Manchester City,away,3.10661,2.66856,3.0,5.0
ENG-Premier League,2627,31234,2026-10-10 14:00:00,Sunderland,Brighton,home,,,,
ENG-Premier League,2627,31246,2026-10-18 13:00:00,Sunderland,Bournemouth,away,,,,
ENG-Premier League,2627,31259,2026-10-25 16:30:00,Sunderland,Leeds,home,,,,
ENG-Premier League,2627,31261,2026-10-31 15:00:00,Sunderland,Coventry,away,,,,
ENG-Premier League,2627,31279,2026-11-07 15:00:00,Sunderland,Chelsea,home,,,,
ENG-Premier League,2627,31281,2026-11-21 15:00:00,Sunderland,Aston Villa,away,,,,
ENG-Premier League,2627,31299,2026-11-28 15:00:00,Sunderland,Tottenham,home,,,,
ENG-Premier League,2627,31306,2026-12-02 20:00:00,Sunderland,Liverpool,away,,,,
ENG-Premier League,2627,31319,2026-12-05 15:00:00,Sunderland,Newcastle United,away,,,,
ENG-Premier League,2627,31324,2026-12-12 15:00:00,Sunderland,Nottingham Forest,home,,,,
ENG-Premier League,2627,31339,2026-12-19 15:00:00,Sunderland,Crystal Palace,home,,,,
ENG-Premier League,2627,31343,2026-12-26 15:00:00,Sunderland,Everton,away,,,,
ENG-Premier League,2627,31356,2026-12-30 20:00:00,Sunderland,Manchester United,away,,,,
ENG-Premier League,2627,31368,2027-01-02 15:00:00,Sunderland,Hull,home,,,,
ENG-Premier League,2627,31379,2027-01-06 20:00:00,Sunderland,Liverpool,home,,,,
ENG-Premier League,2627,31383,2027-01-16 15:00:00,Sunderland,Chelsea,away,,,,
ENG-Premier League,2627,31399,2027-01-23 15:00:00,Sunderland,Coventry,home,,,,
ENG-Premier League,2627,31409,2027-01-30 15:00:00,Sunderland,Tottenham,away,,,,
ENG-Premier League,2627,31414,2027-02-06 15:00:00,Sunderland,Aston Villa,home,,,,
ENG-Premier League,2627,31425,2027-02-10 20:00:00,Sunderland,Hull,away,,,,
ENG-Premier League,2627,31439,2027-02-20 15:00:00,Sunderland,Everton,home,,,,
ENG-Premier League,2627,31442,2027-02-27 15:00:00,Sunderland,Crystal Palace,away,,,,
ENG-Premier League,2627,31459,2027-03-03 20:00:00,Sunderland,Manchester United,home,,,,
ENG-Premier League,2627,31468,2027-03-13 15:00:00,Sunderland,Brentford,home,,,,
ENG-Premier League,2627,31470,2027-03-20 15:00:00,Sunderland,Arsenal,away,,,,
ENG-Premier League,2627,31488,2027-04-10 14:00:00,Sunderland,Ipswich,home,,,,
ENG-Premier League,2627,31494,2027-04-17 14:00:00,Sunderland,Fulham,away,,,,
ENG-Premier League,2627,31508,2027-04-24 14:00:00,Sunderland,Nottingham Forest,away,,,,
ENG-Premier League,2627,31519,2027-05-01 14:00:00,Sunderland,Newcastle United,home,,,,
ENG-Premier League,2627,31522,2027-05-08 14:00:00,Sunderland,Brighton,away,,,,
ENG-Premier League,2627,31539,2027-05-15 14:00:00,Sunderland,Bournemouth,home,,,,
ENG-Premier League,2627,31545,2027-05-23 14:00:00,Sunderland,Leeds,away,,,,
ENG-Premier League,2627,31559,2027-05-30 15:00:00,Sunderland,Manchester City,home,,,,
ENG-Premier League,2627,31185,2026-08-22 16:30:00,Tottenham,Brentford,away,0.756284,4.04155,0.0,3.0
ENG-Premier League,2627,31194,2026-08-29 16:30:00,Tottenham,Newcastle United,home,1.12037,1.00952,0.0,2.0
ENG-Premier League,2627,31203,2026-09-05 14:00:00,Tottenham,Nottingham Forest,away,1.48446,0.831692,0.0,0.0
ENG-Premier League,2627,31215,2026-09-12 16:30:00,Tottenham,Everton,home,0.736856,1.60056,0.0,0.0
ENG-Premier League,2627,31221,2026-09-19 11:30:00,Tottenham,Aston Villa,home,1.72177,1.7092,2.0,3.0
ENG-Premier League,2627,31235,2026-10-10 16:30:00,Tottenham,Manchester United,away,,,,
ENG-Premier League,2627,31249,2026-10-19 19:00:00,Tottenham,Coventry,home,,,,
ENG-Premier League,2627,31255,2026-10-24 16:30:00,Tottenham,Chelsea,away,,,,
ENG-Premier League,2627,31266,2026-10-31 17:30:00,Tottenham,Crystal Palace,home,,,,
ENG-Premier League,2627,31276,2026-11-07 15:00:00,Tottenham,Leeds,away,,,,
ENG-Premier League,2627,31289,2026-11-21 15:00:00,Tottenham,Ipswich,home,,,,
ENG-Premier League,2627,31299,2026-11-28 15:00:00,Tottenham,Sunderland,away,,,,
ENG-Premier League,2627,31309,2026-12-02 20:00:00,Tottenham,Fulham,home,,,,
ENG-Premier League,2627,31313,2026-12-05 15:00:00,Tottenham,Arsenal,home,,,,
ENG-Premier League,2627,31326,2026-12-12 15:00:00,Tottenham,Hull,away,,,,
ENG-Premier League,2627,31336,2026-12-19 15:00:00,Tottenham,Liverpool,away,,,,
ENG-Premier League,2627,31348,2026-12-26 15:00:00,Tottenham,Bournemouth,home,,,,
ENG-Premier League,2627,31354,2026-12-30 20:00:00,Tottenham,Brighton,home,,,,
ENG-Premier League,2627,31367,2027-01-02 15:00:00,Tottenham,Manchester City,away,,,,
ENG-Premier League,2627,31374,2027-01-06 20:00:00,Tottenham,Fulham,away,,,,
ENG-Premier League,2627,31389,2027-01-16 15:00:00,Tottenham,Leeds,home,,,,
ENG-Premier League,2627,31392,2027-01-23 15:00:00,Tottenham,Crystal Palace,away,,,,
ENG-Premier League,2627,31409,2027-01-30 15:00:00,Tottenham,Sunderland,home,,,,
ENG-Premier League,2627,31410,2027-02-06 15:00:00,Tottenham,Ipswich,away,,,,
ENG-Premier League,2627,31429,2027-02-10 20:00:00,Tottenham,Manchester City,home,,,,
ENG-Premier League,2627,31433,2027-02-20 15:00:00,Tottenham,Brighton,away,,,,
ENG-Premier League,2627,31449,2027-02-27 15:00:00,Tottenham,Liverpool,home,,,,
ENG-Premier League,2627,31450,2027-03-03 20:00:00,Tottenham,Bournemouth,away,,,,
ENG-Premier League,2627,31469,2027-03-13 15:00:00,Tottenham,Nottingham Forest,home,,,,
ENG-Premier League,2627,31473,2027-03-20 15:00:00,Tottenham,Everton,away,,,,
ENG-Premier League,2627,31489,2027-04-10 14:00:00,Tottenham,Brentford,home,,,,
ENG-Premier League,2627,31498,2027-04-17 14:00:00,Tottenham,Newcastle United,away,,,,
ENG-Premier League,2627,31509,2027-04-24 14:00:00,Tottenham,Hull,home,,,,
ENG-Premier League,2627,31510,2027-05-01 14:00:00,Tottenham,Arsenal,away,,,,
ENG-Premier League,2627,31528,2027-05-08 14:00:00,Tottenham,Chelsea,home,,,,
ENG-Premier League,2627,31533,2027-05-15 14:00:00,Tottenham,Coventry,away,,,,
ENG-Premier League,2627,31549,2027-05-23 14:00:00,Tottenham,Manchester United,home,,,,
ENG-Premier League,2627,31553,2027-05-30 15:00:00,Tottenham,Aston Villa,away,,,,
